	19-03-26-R1-N1-A	19-03-26-R1-N1-B	19-03-26-R1-N1-C	19-03-26-R1-N1-D	19-03-26-R1-N2-C	22-01-18-R1-N1-B	22-01-18-R1-N1-C	22-01-18-R1-N1-D	22-01-18-R1-N2-A	22-01-18-R1-N2-B	22-01-18-R1-N2-C	22-01-18-R1-N2-D	22-01-25-R1-N1-A	22-01-25-R1-N1-B	22-01-25-R1-N1-D	22-01-25-R1-N2-A	22-01-25-R1-N2-B	22-01-25-R1-N2-D	22-03-22-R1-N1-B	22-03-22-R1-N1-C	22-03-22-R1-N1-D	22-03-22-R1-N2-B	22-03-22-R1-N2-D
NA_p__Crenarchaeota_c__Nitrososphaeria_o__Nitrososphaerales_f__Nitrososphaeraceae	0.130299167728875	0.154639634621811	0.156456126324205	0.138153983353151	0.148713628144008	0.0462441314553991	0.0736506746626687	0.0786720686944428	0.0547321892875715	0.0719981509303132	0.067660088602497	0.0519135894752579	0.0618820559568053	0.0771144278606965	0.0513812154696133	0.120228293413174	0.0903751168068349	0.146232472135189	0.0667114996637525	0.0631274718588379	0.066888649495642	0.050744569856777	0.0497675482051673
NA_p__Nitrospirota_c__Nitrospiria_o__Nitrospirales_f__Nitrospiraceae	0.18335457749119	0.171601500129962	0.180911453128123	0.120466706302021	0.0909501890514549	0.11283255086072	0.204835082458771	0.073350668198585	0.185040734962732	0.161562463885358	0.183246073298429	0.170429062640155	0.206367014935839	0.191919191919192	0.124769797421731	0.185441616766467	0.23801895608063	0.174533874364374	0.202488231338265	0.176909035594767	0.170992067378318	0.134307123209713	0.14747351573813
NA_p__Proteobacteria_c__Gammaproteobacteria_o__Burkholderiales_f__Nitrosomonadaceae	0.0716502961685536	0.0784894730979169	0.0511093343993604	0.0476367419738407	0.0969916159789578	0.132394366197183	0.0610944527736132	0.0942734474209349	0.0673860287744843	0.0997341962325205	0.0941065914887904	0.0651442667065331	0.0659140312741042	0.0586461631237751	0.111418047882136	0.0509917664670659	0.0515285008677079	0.0487955210848015	0.0618695359784802	0.0549132947976879	0.0866712369013809	0.081570710423978	0.0774331224754211
NA_p__Proteobacteria_c__Gammaproteobacteria_o__Steroidobacterales_f__Steroidobacteraceae	0.043937917072805	0.0447068434146523	0.0343593843693784	0.0517984542211653	0.0454956435969094	0.0492175273865415	0.0462893553223388	0.0521860071355143	0.0335413416536661	0.0379059285796833	0.0400053698483018	0.0316564508895201	0.0334128041511815	0.0316598824061511	0.0532228360957643	0.0348989520958084	0.0333733813910025	0.0307668601366275	0.0357094821788837	0.0334651658046851	0.0342767603564783	0.0512188181731955	0.042298605289231
NA_p__Actinobacteriota_c__Actinobacteria_o__Pseudonocardiales_f__Pseudonocardiaceae	0.0611831746269776	0.0539081356058074	0.0719868079152508	0.084051724137931	0.034234752589183	0.0220657276995305	0.0504122938530735	0.0175969039124388	0.0508320332813313	0.0487692129897146	0.0367834608672305	0.0525863357751532	0.0458943973073417	0.0488466757123474	0.0213627992633517	0.0387350299401198	0.0432519022827393	0.0441214238019415	0.0564223268325488	0.0752966230605415	0.0516110077367545	0.0300673432609314	0.0334578157152656
NA_p__Proteobacteria_c__Alphaproteobacteria_o__Caulobacterales_f__Parvularculaceae	0.026377746119817	0.0281534291337121	0.0189686188287028	0.0358947681331748	0.0343580470162749	0.0541471048513302	0.0402923538230885	0.0746205478623692	0.0441584330039868	0.0417196348087369	0.0567861457913814	0.0388697862161758	0.0300119206226772	0.0439469320066335	0.0610497237569061	0.0469685628742515	0.0463222533707115	0.0364682315475885	0.0398117014122394	0.0352905384849407	0.0446577220644403	0.0588067912358911	0.0593704748113711
NA_p__Proteobacteria_c__Alphaproteobacteria_o__Rhizobiales_f__Hyphomicrobiaceae	0.0456174551998201	0.0401618952136943	0.0507695382770338	0.0543252080856124	0.0261384185434818	0.0261345852895149	0.050599700149925	0.0329564007982101	0.0603224128965159	0.0483069455680111	0.0547724526782118	0.0546793242637165	0.0577448986747072	0.0581184984170059	0.0348987108655617	0.0383607784431138	0.05259644907222	0.0399095998767271	0.0511096166778749	0.0628232430787952	0.0375085691900891	0.0374656169970597	0.0393262708635013
NA_p__Bacteroidota_c__Bacteroidia_o__Chitinophagales_f__Saprospiraceae	0.0228237234760441	0.0233039991088337	0.0224265440735559	0.0225921521997622	0.0356320894295578	0.0367762128325509	0.0226761619190405	0.0338634577009131	0.0252643439070896	0.0383681960013868	0.02403007115049	0.0245926147406189	0.0172498422270528	0.0203527815468114	0.0337016574585635	0.0207709580838323	0.0173541583233213	0.0174122964713134	0.0207800941492939	0.0193185275327046	0.0267358730780531	0.0270321540358532	0.0237024617026141
NA_p__Proteobacteria_c__Alphaproteobacteria_o__uncultured_f__uncultured	0.0246082327359976	0.022056366269355	0.0262442534479312	0.0276456599286564	0.0173845142199573	0.0461658841940532	0.0470389805097451	0.0427526153474028	0.0414716588663547	0.0381370622905351	0.0394683850181232	0.0444386305875318	0.0402496318631232	0.0398763756972712	0.0451197053406998	0.0395770958083832	0.0413829929248431	0.0340027736401459	0.0433759246805649	0.035442652874962	0.0441680540593478	0.0531158114388694	0.0493102659858243
NA_p__Proteobacteria_c__Alphaproteobacteria_o__Rhizobiales_f__Methyloligellaceae	0.00800779785558971	0.00531729233968289	0.00609634219468319	0.0116676575505351	0.00402761795166858	0.0181533646322379	0.0344827586206897	0.025760416036766	0.0173773617611371	0.0136368889402519	0.0187944690562492	0.0214905068022126	0.0289250403197532	0.0342228252676014	0.0239410681399632	0.031437125748503	0.025897743959418	0.0218809389285531	0.0217888365837256	0.0322482506845148	0.0199784546077759	0.0207720762591293	0.0164621598963494
NA_p__Proteobacteria_c__Alphaproteobacteria_o__Rhizobiales_f__Amb-16S-1323	0.00800779785558971	0.00611934202220489	0.010263841694983	0.0113703923900119	0.00493177708367582	0.0136150234741784	0.0217391304347826	0.0172945516115378	0.0196307852314093	0.0187218305789899	0.0204054235467848	0.0235087457018986	0.0316948320594629	0.0272124227348108	0.0123388581952118	0.0211452095808383	0.02629822453611	0.0182854794801993	0.0200403496973773	0.0222087009431092	0.0182156497894428	0.0162192924215119	0.017605365444707
NA_p__Proteobacteria_c__Gammaproteobacteria_o__Burkholderiales_f__Rhodocyclaceae	0.0133613256354503	0.0123426534476997	0.0105036977813312	0.0121135552913199	0.0250904159132007	0.041471048513302	0.0238005997001499	0.0370079216302836	0.0260443751083377	0.0257714087599676	0.0272519801315613	0.0226117506353715	0.014374868522544	0.0148499924619328	0.0205340699815838	0.014502245508982	0.0120144173007609	0.0111972879963018	0.0274377942165434	0.0219044721630666	0.0349622955636079	0.0433462961206488	0.0385641338312629
NA_p__Actinobacteriota_c__Thermoleophilia_o__Solirubrobacterales_f__67-14	0.0133913173877184	0.0137016820764175	0.0161303218069158	0.0148632580261593	0.0170146309386816	0.00586854460093897	0.0129310344827586	0.00647033923928161	0.0107037614837927	0.0142147232173813	0.00751778762249966	0.0116983106592914	0.0134632914942851	0.0101763907734057	0.0074585635359116	0.0125374251497006	0.0108129755706848	0.0122245621244029	0.00968392737054472	0.0150593246121083	0.0093036920967584	0.00834677036896519	0.00777379772883164
NA_p__Myxococcota_c__Polyangia_o__Haliangiales_f__Haliangiaceae	0.0184899152732998	0.014756228881215	0.00606636018388967	0.0106272294887039	0.0229533125102745	0.0107198748043818	0.00899550224887556	0.00870774626594908	0.0061969145432484	0.00912978157864324	0.00899449590549067	0.00751233368216475	0.00820419325432999	0.0104025327905925	0.0112338858195212	0.00711077844311377	0.00694166332932853	0.00667728183265704	0.00490921318090114	0.00608457560085184	0.00675741847027715	0.00597552878687281	0.00777379772883164
NA_p__Acidobacteriota_c__Blastocatellia_o__Blastocatellales_f__Blastocatellaceae	0.00772287620904251	0.0115108982213806	0.00979412352588447	0.00943816884661118	0.00846621732697682	0.0143192488262911	0.0187406296851574	0.0133639716998246	0.0183307332293292	0.0192996648561193	0.0237615787354007	0.0197712662580356	0.0163382651987939	0.0174129353233831	0.0139963167587477	0.0247941616766467	0.0212254705646776	0.0242950331295906	0.0265635507733692	0.0222087009431092	0.0198805210067574	0.0221948212083847	0.0194344943220791
NA_p__Actinobacteriota_c__Actinobacteria_o__Propionibacteriales_f__Nocardioidaceae	0.0233335832646022	0.0224945230403624	0.0363182090745553	0.0248216409036861	0.0138706230478382	0.00563380281690141	0.0121814092953523	0.00707504384108363	0.014907262957185	0.0166416271813244	0.0134246207544637	0.0185005232471221	0.023630881424865	0.0233680084426353	0.0070902394106814	0.0151571856287425	0.0140168201842211	0.0186963891314397	0.0186281102891728	0.0235777304533009	0.0168445793751836	0.00682917575642606	0.00967914030942764
NA_p__Proteobacteria_c__Gammaproteobacteria_o__Burkholderiales_f__Comamonadaceae	0.0166754142610782	0.0166351045263822	0.0150209874075555	0.0188763376932224	0.0381596251849416	0.0194053208137715	0.0116191904047976	0.0193505472576646	0.0107904316172647	0.017797295735583	0.0158410524902672	0.0124831813425026	0.0085197391487273	0.00979948741142771	0.0193370165745856	0.00823353293413174	0.00800961153384061	0.00816682931840362	0.011768661735037	0.0117128080316398	0.0179218489863872	0.0194441809731575	0.0169194421156924
NA_p__Acidobacteriota_c__Thermoanaerobaculia_o__Thermoanaerobaculales_f__Thermoanaerobaculaceae	0.0208892554547499	0.0152537967398166	0.0155906456126324	0.0248959571938169	0.0249054742725629	0.0196400625978091	0.0208020989505247	0.0159642014875733	0.0178540474952331	0.0199930659886744	0.0162437911129011	0.0172297802362087	0.0255241567912489	0.0232172470978441	0.0164825046040516	0.0216130239520958	0.0197570417834735	0.0174122964713134	0.0159381304640215	0.0219044721630666	0.0195867202037019	0.0149862467988239	0.015700022864111
NA_p__Proteobacteria_c__Alphaproteobacteria_o__Dongiales_f__Dongiaceae	0.0097623153632751	0.00789424826408229	0.00910453727763342	0.00988406658739596	0.00723327305605787	0.0120500782472613	0.00899550224887556	0.00792163028360646	0.00970705494886462	0.0110944181208829	0.0108739428111156	0.00669008820451487	0.00532921954982119	0.00520126639529625	0.013720073664825	0.00561377245508982	0.00734214390602056	0.00518773434691047	0.00477471418964358	0.00349863097048981	0.00440701204583293	0.0113819595940434	0.0125752610319335
NA_p__Acidobacteriota_c__Vicinamibacteria_o__Vicinamibacterales_f__uncultured	0.00808277723626003	0.00874828264824923	0.00380771537077753	0.00601961950059453	0.00768535262206148	0.0131455399061033	0.012743628185907	0.013787264921086	0.00862367828046455	0.0100543164220502	0.0127533897167405	0.00960532217072806	0.00883528504312461	0.00799035127393336	0.0141804788213628	0.0136601796407186	0.0154852489654252	0.0171554779392881	0.00847343644922663	0.00532400365074536	0.0072470864753697	0.00701887508299346	0.0112034143739044
NA_p__Proteobacteria_c__Gammaproteobacteria_o__Ga0077536_f__Ga0077536	0.00917747619404664	0.00972113920760462	0.00547671397161703	0.00914090368608799	0.0114869307907283	0.0169796557120501	0.00974512743628186	0.0157827901070327	0.0102270757496967	0.0117878192534381	0.00993421935830313	0.00990432052623711	0.0117803800574995	0.0128900949796472	0.0192449355432781	0.0121631736526946	0.012681884928581	0.0105295598130361	0.0145931405514459	0.0127776087617889	0.015375575359906	0.0180214360239021	0.013794680283515
NA_p__Proteobacteria_c__Gammaproteobacteria_o__Xanthomonadales_f__Rhodanobacteraceae	0.0074829421908975	0.0085254910697709	0.0113132120727563	0.00943816884661118	0.00776754890678941	0.00485133020344288	0	0.00133035012396444	0.00203674813659213	0	0.00335615518861592	0.00164449095529975	0.00119206226772316	0.00203527815468114	0.00110497237569061	0.00102919161676647	0.00146842878120411	0.00169500231136679	0.001546738399462	0.00167325829023426	0.000979336010185094	0.00161244427582282	0.00152427406447679
NA_p__Desulfobacterota_c__uncultured_o__uncultured_f__uncultured	0.00404888655619705	0.00519104377854517	0.00416749950029982	0.00393876337693222	0.00314400789084333	0.0118153364632238	0.00955772113943028	0.00840539396504807	0.00602357427630439	0.00600947648214492	0.0087260034904014	0.00583046793242637	0.00725755557113807	0.00881953867028494	0.0101289134438306	0.00860778443113772	0.00694166332932853	0.00621500847501156	0.00733019502353732	0.00730149072102221	0.00861815688962883	0.0137532011761358	0.00906943068363692
NA_p__Planctomycetota_c__Planctomycetes_o__Planctomycetales_f__uncultured	0.00371897728124766	0.00762689836990828	0.00494703178093144	0.00356718192627824	0.00593868157159296	0.00352112676056338	0.00599700149925037	0.00568422325693899	0.00403016120644826	0.00520050849416387	0.00563834071687475	0.0040364777993721	0.00662646378234345	0.00550278908487864	0.00570902394106814	0.0107597305389222	0.0078761180082766	0.012327289537213	0.00746469401479489	0.00943109218132035	0.00695328567231417	0.00388883619463151	0.0051825318192211
NA_p__Actinobacteriota_c__Acidimicrobiia_o__Microtrichales_f__Microtrichaceae	0.0116218040038989	0.0106345846793658	0.0130221866879872	0.00980975029726516	0.00643185927996055	0.0068075117370892	0.00768365817091454	0.00423293221261414	0.00671693534408043	0.00693401132555183	0.0106054503960263	0.00601734190461952	0.00662646378234345	0.0066334991708126	0.00570902394106814	0.0063622754491018	0.0092110532639167	0.0079613744927834	0.00719569603227976	0.0103437785214481	0.00734502007638821	0.00512188181731955	0.00495389070954958
NA_p__Proteobacteria_c__Alphaproteobacteria_o__Acetobacterales_f__Acetobacteraceae	0.00904251330884007	0.00791652742193012	0.00869478313012193	0.0125594530321046	0.00971971066907776	0.015414710485133	0.0134932533733133	0.0143919695228881	0.0130438550875368	0.016988327747602	0.00845751107531212	0.0167439079085065	0.0130425636350887	0.0154530378410975	0.0212707182320442	0.0157185628742515	0.0165531971699373	0.0145872926190354	0.0168796234028245	0.013386066321874	0.0110664969150916	0.0110025609409087	0.0131087569545004
NA_p__Planctomycetota_c__OM190_o__OM190_f__OM190	0.00740796281022719	0.0081913037020534	0.0036777933240056	0.00691141498216409	0.0139939174749301	0.0230829420970266	0.011431784107946	0.0223135998064945	0.0113971225515687	0.0139835895065295	0.013693113169553	0.0140529227089251	0.0084145571839282	0.00995024875621891	0.012707182320442	0.00804640718562874	0.00734214390602056	0.011351379115517	0.0104909213180901	0.00714937633100091	0.0115561649201841	0.0185905340036043	0.0146330310189772
NA_p__Dadabacteria_c__Dadabacteriia_o__Dadabacteriales_f__Dadabacteriales	0.0056534453025418	0.00768630945750251	0.00656606036378173	0.00832342449464923	0.00651405556468848	0.0136932707355243	0.00637181409295352	0.0148152627441495	0.0113537874848327	0.010169883277476	0.00899449590549067	0.00979219614292121	0.0136035341140172	0.0101010101010101	0.00847145488029466	0.0130988023952096	0.00947804031504472	0.0226000308182238	0.00954942837928716	0.0132339519318528	0.0230143962393497	0.00910556767523475	0.0076975840256078
NA_p__Verrucomicrobiota_c__Chlamydiae_o__Chlamydiales_f__Simkaniaceae	0.0126115318287471	0.00620845865359623	0.00701579052568459	0.013525564803805	0.00947312181489397	0.0135367762128326	0.0144302848575712	0.00816351212432727	0.00520020800832033	0.00485380792788628	0.00295341656598201	0.00526984601584691	0.00315545894397307	0.00452284034373587	0.00810313075506446	0.00355538922155689	0.00587371512481645	0.00164363860496173	0.00282447881640888	0.00334651658046851	0.00842228968759181	0.0234278668310728	0.0275131468638061
NA_p__Actinobacteriota_c__Thermoleophilia_o__Gaiellales_f__uncultured	0.0130164204843668	0.0113549441164457	0.0140915450729562	0.0162752675386445	0.00698668420187408	0.00829420970266041	0.00712143928035982	0.00719598476144403	0.0143872421563529	0.0138680226511037	0.0111424352262049	0.0149872925698909	0.0142696865577449	0.0195989748228554	0.0103130755064457	0.0144086826347305	0.00533974102256041	0.0148441111510607	0.00692669804976463	0.0130818375418315	0.00254627362648125	0.00369913686806412	0.00525874552244494
NA_p__Gemmatimonadota_c__Gemmatimonadetes_o__Gemmatimonadales_f__Gemmatimonadaceae	0.00122966184299318	0.000438156771007389	0.000609634219468319	0.000743162901307967	0.000986355416735163	0.0114241001564945	0.00693403298350825	0.0181411380540606	0.00862367828046455	0.0102854501329019	0.010336957980937	0.00960532217072806	0.00417221793703106	0.00376903361977989	0.0168508287292818	0.00495883233532934	0.00614070217594447	0.00421182392521444	0.0108944182918628	0.0077578338910861	0.00626775046518461	0.0173574883809162	0.0193582806188553
NA_p__Actinobacteriota_c__Actinobacteria_o__Corynebacteriales_f__Mycobacteriaceae	0.00659818549898778	0.0073892540195314	0.00744553268039176	0.0089179548156956	0.00803468683215519	0.00359937402190923	0.00487256371814093	0.00435387313297454	0.00485352747443231	0.00566277591586733	0.00604107933950866	0.00672746299895351	0.00669658509220952	0.00648273782602141	0.00414364640883978	0.00505239520958084	0.00881057268722467	0.00647182700703683	0.00733019502353732	0.00897474901125647	0.00812848888453628	0.00673432609314237	0.00563981403856413
NA_p__Proteobacteria_c__Alphaproteobacteria_o__Rhodobacterales_f__Rhodobacteraceae	0.0083377071305391	0.00866659240280717	0.0131021387167699	0.0132282996432818	0.0142199572579319	0.00743348982785602	0.00749625187406297	0.00737739614198464	0.00745363147859248	0.00751184560268115	0.0116794200563834	0.0063537150545672	0.00511885562022299	0.00527664706769184	0.00441988950276243	0.00523952095808383	0.00574022159925244	0.0049309158148852	0.00363147276395427	0	0.00538634805601802	0.00493218249075216	0.00464903589665422
NA_p__Verrucomicrobiota_c__Chlamydiae_o__Chlamydiales_f__Parachlamydiaceae	0	0	0.000209874075554667	0.0045332936979786	0.000267137925365773	0.00367762128325509	0.0104947526236882	0.00193505472576646	0.0114837926850407	0.00462267421703455	0.00335615518861592	0.00758708327104201	0.0102026505855129	0.00874415799788934	0.00119705340699816	0.00561377245508982	0.0114804431985049	0.0049309158148852	0.00719569603227976	0.0124733799817463	0.00920575849573989	0.0039836858579152	0.00525874552244494
NA_p__Proteobacteria_c__Alphaproteobacteria_o__Caulobacterales_f__Hyphomonadaceae	0.00784284321811502	0.00783483717648806	0.00880471716969818	0.00943816884661118	0.00885664967943449	0.00422535211267606	0.00431034482758621	0.01197315111568	0.00489686254116831	0.00404483993990523	0.00107396966035709	0.00825982957093736	0.00550452282448636	0.00369365294738429	0.00534069981583794	0.00767215568862275	0.00467227339474036	0.00318454979711336	0.00443846671149966	0.00562823243078795	0.00499461365194398	0.00597552878687281	0.00792622513527932
NA_p__Acidobacteriota_c__Vicinamibacteria_o__Vicinamibacterales_f__Vicinamibacteraceae	0.00442378345954862	0.00427017192083473	0.00312812312612433	0.00200653983353151	0.00836347197106691	0.00672926447574335	0.00281109445277361	0.00653080969946181	0.00459351707401629	0.00658731075927424	0.00523560209424084	0.004148602182688	0.00417221793703106	0.00316598824061511	0.00718232044198895	0.00570733532934132	0.00280336403684421	0.00662591812625199	0.0058507061197041	0.0038028597505324	0.00538634805601802	0.00588067912358911	0.00685923329014557
NA_p__Proteobacteria_c__Alphaproteobacteria_o__Reyranellales_f__Reyranellaceae	0.00427382469820799	0.00504994244550889	0.00347791325204877	0.00356718192627824	0.00484958079894789	0.00821596244131455	0.00412293853073463	0.00979621454919272	0.00433350667360028	0.00369813937362764	0.00926298832057994	0.00612946628793542	0.00652128181754435	0.00942258404944972	0.0074585635359116	0.00916916167664671	0.00707515685489254	0.00821819302480867	0.00477471418964358	0.00547611804076666	0.00548428165703653	0.00758797306269563	0.00670680588369789
NA_p__Proteobacteria_c__Gammaproteobacteria_o__Immundisolibacterales_f__Immundisolibacteraceae	0.00392891954712454	0.00405480672830567	0.00199880071956826	0.00237812128418549	0.00410981423639652	0.00719874804381847	0.00318590704647676	0.00725645522162424	0.00442017680707228	0.00624061019299665	0.0061753255470533	0.0050082224547765	0.00319051959890611	0.00505050505050505	0.0067219152854512	0.00411676646706587	0.0040048057669203	0.00333864091632852	0.00275722932078009	0.00304228780042592	0.00254627362648125	0.00331973821492934	0.00411553997408734
NA_p__Chloroflexi_c__OLB14_o__OLB14_f__OLB14	0.00449876284021894	0.00659463072295867	0.00463721766939836	0.00178359096313912	0.00505507151076771	0.00469483568075117	0.00131184407796102	0.00689363246054302	0.00455018200728029	0.00219577025309141	0.00281917035843737	0.00291523396621319	0.00389173269756679	0.00105532941353837	0.00285451197053407	0.00374251497005988	0.0013349352556401	0.00205454825620217	0.00134498991257566	0.00197748707027685	0.00225247282342572	0.000948496632836953	0.00175291517414831
NA_p__Chloroflexi_c__TK10_o__TK10_f__TK10	0.00164954637474694	0.00224276855668189	0.00132920247851289	0.00104042806183115	0.00123294427091895	0.00367762128325509	0.00243628185907046	0.00538187095603798	0.00333680013867221	0.00392927308447937	0.00335615518861592	0.0022051128718792	0.00347100483837038	0.00263832353384592	0.00718232044198895	0.00421032934131737	0.00387131224135629	0.00482818840207509	0.00262273032952253	0.00456343170063888	0.00264420722749976	0.00360428720478042	0.00419175367731118
NA_p__MBNT15_c__MBNT15_o__MBNT15_f__MBNT15	0.00220439379170728	0.00190115480301511	0.0015490705576654	0.00193222354340071	0.00199325990465231	0.00524256651017214	0.00337331334332834	0.00828445304468767	0.00420350147339227	0.00150236912053623	0.00604107933950866	0.00612946628793542	0.00424233924689713	0.00429669832654907	0.00607734806629834	0.0032747005988024	0.00173541583233213	0.00297909497149314	0.00484196368527236	0.0036507453605111	0.00195867202037019	0.00322488855164564	0.00632573736757869
NA_p__Patescibacteria_c__Gracilibacteria_o__JGI_0000069-P22_f__JGI_0000069-P22	0.0036589937767114	0.0030076863094575	0.00304817109734159	0.00594530321046373	0.00443859937530824	0.000391236306729264	0	0	0.000216675333680014	0	0.000402738622633911	0.000448497533263567	0.000140242619732137	0.000301522689582391	0	0	0	0	0	0	0	0.000474248316418477	0.000533495922566878
NA_p__Chloroflexi_c__Dehalococcoidia_o__S085_f__S085	0.00299917522681263	0.0028740113623705	0.00266839896062363	0.00156064209274673	0.00410981423639652	0.00109546165884194	0	0.00229787748684767	0.00134338706881609	0.00242690396394314	0.00147670828299101	0.00168186574973838	0.00217376060584812	0.00241218151665913	0.00267034990791897	0.00093562874251497	0.0013349352556401	0.00231136678822744	0.00168123739071957	0	0.00225247282342572	0.00170729393910652	0.00175291517414831
NA_p__Myxococcota_c__Polyangia_o__Nannocystales_f__Nannocystaceae	0.00332908450176202	0.00291114329211689	0.00241854887067759	0.0021551724137931	0.00513726779549564	0.00391236306729264	0	0.00290258208864969	0.0015600624024961	0.00219577025309141	0	0.00216773807744057	0.0012271229226562	0.00188451680988994	0.00451197053406998	0	0	0.0012327289537213	0.000874243443174176	0	0.00176280481833317	0.00142274494925543	0.00205776998704367
NA_p__Proteobacteria_c__Gammaproteobacteria_o__Ectothiorhodospirales_f__Thioalkalispiraceae	0.00181450101222164	0.00212394638149345	0.00161902858285029	0.00706004756242568	0.00308236067729739	0.00383411580594679	0.0110569715142429	0.0032049343895507	0.0134772057548969	0.00936091528949497	0.00443012484897302	0.00713858573777844	0.00459294579622747	0.00422131765415347	0.00395948434622468	0.00364895209580838	0.00533974102256041	0.00457136987004982	0.00591795561533289	0.0153635533921509	0.00528841445499951	0.0039836858579152	0.00335340294184894
NA_p__Proteobacteria_c__Alphaproteobacteria_o__Tistrellales_f__Geminicoccaceae	0.00235435255304791	0.00155211466339906	0.00251848890665601	0.00260107015457788	0.00104800263028111	0.00461658841940532	0.00899550224887556	0.00477716635423596	0.00299011960478419	0.00312030509649832	0.00335615518861592	0.0063537150545672	0.00704719164153986	0.00550278908487864	0.00561694290976059	0.0063622754491018	0.0052062474969964	0.00662591812625199	0.00437121721587088	0.00578034682080925	0.00597394966212908	0.00483733282746846	0.00457282219343038
NA_p__Myxococcota_c__Polyangia_o__Polyangiales_f__Sandaracinaceae	0.00221938966784134	0.00138130778656567	0.00141914851089346	0.000966111771700357	0.00269192832483972	0.00422535211267606	0.00299850074962519	0.00157223196468525	0.00212341827006414	0.00242690396394314	0.00228218552825883	0.00194348931080879	0.00175303274665171	0.0032413689130107	0.00285451197053407	0.00187125748502994	0.00213589640902416	0.00220863937541733	0.00275722932078009	0.00273805902038333	0.00235040642444423	0.00426823484776629	0.00533495922566878
NA_p__Verrucomicrobiota_c__Chlamydiae_o__Chlamydiales_f__cvE6	0.00179950513608758	0.000757491366826334	0.0018388966620028	0.0023038049940547	0.00108910077264508	0.00187793427230047	0.00187406296851574	0.00145129104432485	0.00416016640665627	0.00335143880735005	0.00308766277352665	0.0031768575272836	0.00322558025383914	0.0034675109301975	0.00202578268876611	0.00130988023952096	0.00307035108797223	0.00154091119215163	0.00282447881640888	0.00349863097048981	0.00332974243462932	0.00360428720478042	0.00426796738053502
NA_p__Proteobacteria_c__Alphaproteobacteria_o__Rhizobiales_f__Rhizobiaceae	0.00586338756841868	0.00563662693550184	0.00771537077753348	0.00810047562425684	0.00655515370705244	0.00250391236306729	0.00206146926536732	0.00187458426558626	0.00390015600624025	0.0012712354096845	0.00147670828299101	0.00474659889370608	0.00399691466236589	0.00316598824061511	0.00248618784530387	0.00233907185628742	0.00106794820451208	0.0017977297241769	0.00141223940820444	0.00425920292059629	0	0.00151759461253913	0.000914564438686076
NA_p__Proteobacteria_c__Alphaproteobacteria_o__Rhizobiales_f__Rhizobiales_Incertae_Sedis	0.00169453400314913	0.00105454680479745	0.00121926843893664	0.00156064209274673	0.000369883281275686	0.00117370892018779	0.00356071964017991	0.00205599564612687	0.00177673773617611	0.00150236912053623	0.00161095449053564	0.00306473314396771	0.00340088352850431	0.0032413689130107	0.00138121546961326	0.00392964071856287	0.00280336403684421	0.00210591196260722	0.0023537323470074	0.00349863097048981	0.00137107041425913	0.00227639191880869	0.00160048776770063
NA_p__Proteobacteria_c__Alphaproteobacteria_o__Defluviicoccales_f__uncultured	0.0023993401814501	0.00248783929300806	0.00270837497501499	0	0.000842511918461286	0.00320813771517997	0	0.00435387313297454	0.00372681573929624	0	0	0.00336373149947675	0.0026646097749106	0	0.00377532228360958	0.000748502994011976	0	0.00169500231136679	0	0	0	0	0
NA_p__Planctomycetota_c__Planctomycetes_o__Isosphaerales_f__Isosphaeraceae	0.000929744320311914	0.00169321599643533	0.000869478313012193	0.00044589774078478	0.00119184612855499	0.00187793427230047	0.00281109445277361	0.00253975932756848	0.00169006760270411	0.00184906968681382	0.00120821586790173	0.00127074301091344	0.00252436715517846	0.00203527815468114	0.00211786372007366	0.0029940119760479	0.0026698705112802	0.00400636909959423	0.00147948890383322	0.00212960146029814	0.00137107041425913	0.00237124158209238	0.0032771892386251
NA_p__Proteobacteria_c__Alphaproteobacteria_o__Rhizobiales_f__Xanthobacteraceae	0.00569843293094399	0.00533214511158145	0.00797521487107735	0.00876932223543401	0.00694558605951011	0.00618153364632238	0.00524737631184408	0.00876821672612929	0.00801698734616051	0.00462267421703455	0.00281917035843737	0.00661533861563761	0.0109038636841736	0.0067088798432082	0.00331491712707182	0.00580089820359281	0.00360432519022827	0.00544455287893574	0.00679219905850706	0.0136902951019166	0.0031338752325923	0.00682917575642606	0.00739272921271245
NA_p__Actinobacteriota_c__Acidimicrobiia_o__Microtrichales_f__Ilumatobacteraceae	0.00409387418459924	0.003876573465523	0.00559664201479113	0.00379013079667063	0.00367828374157488	0	0	0	0.000910036401456058	0.00138680226511037	0	0.000859620272088503	0.000806395063459785	0.00195989748228554	0	0	0	0.00102727412810108	0.000806993947545393	0	0	0.00113819595940434	0.00251505220638671
NA_p__Proteobacteria_c__Gammaproteobacteria_o__Burkholderiales_f__SC-I-84	0.00143960410887006	0.00123278006758011	0.00244853088147112	0.00148632580261593	0.00137678776919283	0.000860719874804382	0	0.00151176150450505	0.00164673253596811	0.00254247081936901	0.00161095449053564	0.00115861862759755	0.00157772947198654	0.00165837479270315	0.00110497237569061	0.00187125748502994	0	0.00148954748574657	0.00141223940820444	0.00212960146029814	0	0.000948496632836953	0.000762137032238396
NA_p__Verrucomicrobiota_c__Verrucomicrobiae_o__Verrucomicrobiales_f__DEV007	0.00179950513608758	0.002406149047566	0.00169898061163302	0.00319560047562426	0.00345224395857307	0.00258215962441315	0.00356071964017991	0.00374916853117252	0.00121338186860808	0.000924534843406911	0.000939723452812458	0.00063537150545672	0.00192833602131688	0.00120609075832956	0.00156537753222836	0.00196482035928144	0.00226938993458817	0.0012327289537213	0.000403496973772697	0	0	0.000474248316418477	0.000685923329014557
NA_p__Proteobacteria_c__Gammaproteobacteria_NA_NA	0.00101971957711629	0.000504994244550889	0.000779532280631621	0.00133769322235434	0.000739766562551373	0.00344287949921753	0	0.00278164116828929	0.00186340786964812	0.00427597365075696	0.00214793932071419	0.00175661533861564	0.000701213098660683	0.00143223277551636	0.00248618784530387	0.00233907185628742	0	0.00174636601777184	0.0019502353732347	0.00334651658046851	0.00215453922240721	0.00189699326567391	0.00167670147092447
NA_p__Planctomycetota_c__Planctomycetes_o__Gemmatales_f__Gemmataceae	0.0017095298792832	0.00248041290705878	0.00102938237057765	0.00104042806183115	0.00326730231793523	0.00179968701095462	0.00112443778110945	0.0030839934691903	0.00294678453804819	0.00150236912053623	0.00201369311316955	0.00224248766631784	0.00157772947198654	0.00158299412030755	0.00184162062615101	0.00233907185628742	0.00186890935789614	0.00231136678822744	0.00201748486886348	0.00289017341040462	0	0.00284548989851086	0.00198155628381983
NA_p__Proteobacteria_c__Gammaproteobacteria_o__Legionellales_f__Legionellaceae	0.0018294968883557	0.00246556013516022	0.00207875274835099	0.00260107015457788	0.00143843498273878	0	0	0	0.000563355867568036	0	0	0.000411122738824936	0.000315545894397307	0	0	0.00149700598802395	0	0.000513637064050542	0.000403496973772697	0	0.00117520321222211	0	0
NA_p__Proteobacteria_c__Gammaproteobacteria_o__Burkholderiales_f__Burkholderiaceae	0.00146959586113819	0.0015372618915005	0.00164901059364381	0.0023038049940547	0.00184941640637843	0	0	0.00108846828324364	0.00528687814179234	0	0	0.00127074301091344	0.00185821471145081	0.00316598824061511	0.00220994475138122	0	0	0.0012327289537213	0.00208473436449227	0	0	0.00218154225552499	0.00190534258059599
NA_p__Proteobacteria_c__Gammaproteobacteria_o__Coxiellales_f__Coxiellaceae	0.00253430306665667	0.00215365192529056	0.00238856685988407	0.00497919143876338	0.000657570277823442	0.000782472613458529	0.00206146926536732	0.000786115982342626	0.00481019240769631	0.00173350283138796	0.00187944690562492	0.00597996711018089	0.00469812776102658	0.00407055630936228	0.00110497237569061	0.00346182634730539	0.00253637698571619	0.00297909497149314	0.0043039677202421	0.00730149072102221	0.00195867202037019	0.00113819595940434	0.00228641109671519
NA_p__Cyanobacteria_c__Sericytochromatia_o__Sericytochromatia_f__Sericytochromatia	0.00116967833845692	0.0019382867327615	0.00156905856486108	0.00185790725326992	0.00238369225710998	0.000469483568075117	0	0.000483763681441616	0.000476685734096031	0.000693401132555183	0	0.000336373149947675	0	0.000301522689582391	0	0	0	0	0	0	0	0	0
NA_p__Actinobacteriota_c__Actinobacteria_o__Micrococcales_f__Microbacteriaceae	0.00320911749268951	0.00321562511603728	0.00323805716570058	0.00334423305588585	0.00491122801249384	0.000704225352112676	0	0.00332587530991111	0.00104004160166407	0.00161793597596209	0.00214793932071419	0.00250411122738825	0.00084145571839282	0	0.00128913443830571	0	0.00213589640902416	0.0012327289537213	0.00282447881640888	0.00471554609066018	0.00479874644990696	0.0020866925922413	0.00335340294184894
NA_NA_NA_NA_NA	0.000704806178300967	0.000750064980877056	0.000689586248251049	0.00163495838287753	0.00117129705737301	0.00555555555555556	0.000749625187406297	0.00532140049585777	0.00286011440457618	0.00323587195192419	0.00429587864142838	0.00564359396023322	0.00157772947198654	0.00256294286145032	0.00460405156537753	0.00243263473053892	0.00226938993458817	0.00236273049463249	0.00255548083389375	0.000608457560085184	0.00558221525805504	0.00436308451104999	0.00312476183217743
NA_p__Chloroflexi_c__JG30-KF-CM66_o__JG30-KF-CM66_f__JG30-KF-CM66	0.00203943915423259	0.00234673795997178	0.00264841095342794	0.00170927467300832	0.00464409008712806	0.000625978090766823	0	0.00532140049585777	0.00251343387068816	0.00196463654223969	0	0.00242936163851099	0.00319051959890611	0.00293984622342831	0.00211786372007366	0.00514595808383234	0.00293685756240822	0.00960501309774513	0.00282447881640888	0.00136902951019166	0.0020566056213887	0.00275064023522716	0.00198155628381983
NA_p__Proteobacteria_c__Alphaproteobacteria_NA_NA	0.00229436904851166	0.00181946455757306	0.00131920847491505	0.000743162901307967	0.00242479039947394	0.00508607198748044	0.00262368815592204	0.00683316200036282	0.00242676373721616	0.00404483993990523	0.00161095449053564	0.0023172372551951	0.00231400322558025	0.00143223277551636	0.00662983425414365	0.00271332335329341	0.00240288346015218	0.00190045713698701	0.00168123739071957	0	0.00489668005092547	0.00635492744000759	0.00312476183217743
NA_p__Bacteroidota_c__Bacteroidia_o__Flavobacteriales_f__NS9_marine_group	0.00188948039289195	0.00274776280123278	0.00247851289226464	0.00178359096313912	0.00505507151076771	0.000938967136150235	0	0.000786115982342626	0.00147339226902409	0	0	0	0.000876516373325854	0.000452284034373587	0	0.00112275449101796	0.000934454678948071	0.000359545944835379	0.000874243443174176	0	0	0	0.000533495922566878
NA_p__Proteobacteria_c__Alphaproteobacteria_o__Sphingomonadales_f__Sphingomonadaceae	0.00770788033290845	0.00854034384166945	0.0100439736158305	0.00624256837098692	0.00976080881144172	0.00563380281690141	0.00262368815592204	0.00495857773477656	0.00546021840873635	0.00242690396394314	0.00496710967915156	0.00467184930482882	0.0055395834794194	0.00467360168852706	0.00377532228360958	0.00392964071856287	0.0052062474969964	0.00416046021880939	0.00437121721587088	0.0036507453605111	0.0061698168641661	0.00768282272597932	0.00525874552244494
NA_p__Myxococcota_c__Polyangia_o__Polyangiales_f__BIrii41	0.00103471545325036	0.0015372618915005	0.000259844093543874	0	0.00108910077264508	0.00203442879499218	0	0.00090705690270303	0.000693361067776044	0	0.00120821586790173	0.000784870683211242	0.000385667204263376	0.00113071008593397	0	0	0	0	0.00147948890383322	0	0.00215453922240721	0.00265579057194347	0.00236262479993903
NA_p__Planctomycetota_c__Planctomycetes_o__Planctomycetales_f__Rubinisphaeraceae	0.00178450925995351	0.00290371690616761	0.00194883070157905	0.00156064209274673	0.00367828374157488	0.000782472613458529	0.00149925037481259	0.00151176150450505	0.00078003120124805	0.0012712354096845	0.000805477245267821	0.000672746299895351	0.00126218357758923	0	0.00257826887661142	0.0030875748502994	0.00106794820451208	0.00282500385227798	0.00134498991257566	0.00212960146029814	0.0010772696112036	0.00132789528597173	0.00129563295480527
NA_p__Proteobacteria_c__Gammaproteobacteria_o__Enterobacterales_f__Erwiniaceae	0	0	0	0	0	0	0	0	0	0	0	0.00624159067125131	0	0.000753806723955978	0.0124309392265193	0	0	0	0	0	0.0020566056213887	0	0.00281990701928207
NA_p__Proteobacteria_c__Gammaproteobacteria_o__PLTA13_f__PLTA13	0.0015445752418085	0.00149270357580483	0.000869478313012193	0.00364149821640904	0.000945257274371198	0.00852895148669796	0.00281109445277361	0.00737739614198464	0.00351014040561622	0.00335143880735005	0.00120821586790173	0.00373747944386306	0.00546946216955333	0.00505050505050505	0.00810313075506446	0.00467814371257485	0.00627419570150848	0.00508500693410036	0.00403496973772697	0.00638880438089443	0.00528841445499951	0.00910556767523475	0.00579224144501181
NA_p__Myxococcota_c__Polyangia_o__Polyangiales_f__Polyangiaceae	0.000974731948714104	0.00112138427834095	0.00135918448930642	0.00104042806183115	0.00152063126746671	0.00101721439749609	0	0	0.000910036401456058	0	0	0.000411122738824936	0.000771334408526751	0	0.00101289134438306	0.000561377245508982	0	0.000513637064050542	0.00100874243443174	0	0	0.000948496632836953	0.000685923329014557
NA_p__Actinobacteriota_c__Acidimicrobiia_o__Microtrichales_f__uncultured	0.00206943090650071	0.00206453529389922	0.00197881271237258	0.000743162901307967	0.00145898405392076	0.000625978090766823	0	0.000665175061982222	0.000953371468192061	0.000808967987981047	0	0.000710121094333981	0.000385667204263376	0.000753806723955978	0	0.00112275449101796	0.000800961153384061	0.00154091119215163	0.00100874243443174	0	0	0.000758797306269563	0.000685923329014557
NA_p__Bdellovibrionota_c__Bdellovibrionia_o__Bdellovibrionales_f__Bdellovibrionaceae	0.00286421234160606	0.00258438231034867	0.00274835098940636	0.00535077288941736	0.00571264178859116	0.00054773082942097	0.00112443778110945	0.0031444639293705	0.0016033974692321	0.0012712354096845	0.000671231037723184	0.00205561369412468	0.000455788514129444	0.000452284034373587	0.000920810313075506	0.000748502994011976	0.00040048057669203	0.000410909651240434	0.000605245460659045	0	0.00186073841935168	0	0.00121941925158143
NA_p__Actinobacteriota_c__Thermoleophilia_o__Solirubrobacterales_f__Solirubrobacteraceae	0.00152957936567444	0.00111395789239167	0.00206875874475315	0.00274970273483948	0.00102745355909913	0	0.00393553223388306	0.00247928886738828	0.0030767897382562	0.00277360453022073	0.00134246207544637	0.00485872327702198	0.00340088352850431	0.00188451680988994	0	0.00224550898203593	0.00240288346015218	0.00220863937541733	0.00403496973772697	0.0039549741405537	0.0020566056213887	0.000948496632836953	0.00182912887737215
NA_p__Proteobacteria_c__Gammaproteobacteria_o__Pseudomonadales_f__Pseudomonadaceae	0.00109469895778661	0.00107682596264528	0.0010893463921647	0	0.00254808482656584	0	0	0	0	0	0	0	0	0	0	0	0	0	0.00147948890383322	0	0	0.00104334629612065	0
NA_p__Planctomycetota_c__Planctomycetes_o__Pirellulales_f__Pirellulaceae	0.00230936492464572	0.00458950651665367	0.00318808714771137	0.00104042806183115	0.00267137925365773	0.000938967136150235	0.00243628185907046	0.0029630525488299	0.00264343907089617	0.00242690396394314	0.00228218552825883	0.00321423232172223	0.00448776383142837	0.00467360168852706	0.00313075506445672	0.00449101796407186	0.00186890935789614	0.00534182546612564	0.00383322125084062	0.00136902951019166	0.00489668005092547	0.00445793417433368	0.00411553997408734
NA_p__Proteobacteria_c__Gammaproteobacteria_o__Burkholderiales_f__TRA3-20	0.00076478968283722	0.000556978946195834	0.000329802118728763	0	0.000863060989643268	0.00164319248826291	0	0.00278164116828929	0.00108337666840007	0.00254247081936901	0.0025506779433481	0.00123336821647481	0	0.000829187396351575	0.00220994475138122	0.000654940119760479	0	0.00102727412810108	0.00114324142568931	0.00182537268025555	0.00186073841935168	0.00237124158209238	0.00152427406447679
NA_p__Actinobacteriota_c__Actinobacteria_o__Frankiales_f__Sporichthyaceae	0.000749793806703157	0.000802049682522001	0.00140915450729562	0.000817479191438763	0.00117129705737301	0	0	0	0	0	0	0.000672746299895351	0.000385667204263376	0	0	0	0	0	0.00100874243443174	0.00136902951019166	0	0	0.000762137032238396
NA_p__Myxococcota_c__Polyangia_o__Polyangiales_f__Phaselicystidaceae	0.00103471545325036	0.000757491366826334	0.00114931041375175	0	0.00230149597238205	0	0	0.00157223196468525	0	0	0	0.000485872327702198	0	0	0	0	0	0	0	0	0	0	0
NA_p__Actinobacteriota_c__Thermoleophilia_o__Solirubrobacterales_NA	0	0	4.99700179892065e-05	0	0	0.00101721439749609	0.00299850074962519	0.00169317288504566	0.0016033974692321	0.00219577025309141	0	0.00280310958289729	0.0027697917397097	0.00203527815468114	0.00119705340699816	0.00336826347305389	0.00240288346015218	0.00226000308182238	0.00188298587760592	0.00243383024034074	0	0.000853646969553258	0
NA_p__Proteobacteria_c__Alphaproteobacteria_o__Micavibrionales_f__uncultured	0.000569843293094399	0.000779770524674167	0.000799520287827304	0.000743162901307967	0.00135623869801085	0.000625978090766823	0	0.000725645522162424	0.000650026001040042	0.000693401132555183	0.000939723452812458	0.00063537150545672	0	0.00067842605156038	0.000552486187845304	0.00140344311377246	0.000800961153384061	0.00061636447686065	0.000537995965030262	0	0	0.000474248316418477	0.000533495922566878
NA_p__Acidobacteriota_c__Acidobacteriae_o__Bryobacterales_f__Bryobacteraceae	0.000944740196445977	0.000690653893282834	0.00030981411153308	0	0.000369883281275686	0	0	0	0.00078003120124805	0.000808967987981047	0	0.000411122738824936	0.00157772947198654	0.000904568068747173	0.000644567219152854	0	0.000667467627820051	0.000513637064050542	0.00107599193006052	0.00106480073014907	0.00117520321222211	0.000758797306269563	0.000990778141909915
NA_p__Planctomycetota_c__Phycisphaerae_o__mle1-8_f__mle1-8	0.000689810302166904	0.000534699788348	0.000279832100739556	0.000817479191438763	0.00080141377609732	0.00273865414710485	0.000937031484257871	0.00157223196468525	0	0	0	0.000597996711018089	0.000210363929598205	0.000979948741142771	0.00165745856353591	0.000654940119760479	0.000533974102256041	0.000308182238430325	0.00127774041694687	0.00076057195010648	0.00215453922240721	0.0039836858579152	0.00472524959987806
NA_p__Chloroflexi_c__Anaerolineae_o__Caldilineales_f__Caldilineaceae	0.000584839169228462	0.000712933051130667	0.000399760143913652	0.000148632580261593	0.00106855170146309	0.00054773082942097	0.000562218890554723	0.000846586442522828	0.000433350667360028	0	0.000671231037723184	0.000373747944386306	0.000701213098660683	0	0.000460405156537753	0.000374251497005988	0	0.00164363860496173	0.00047074646940148	0.00076057195010648	0	0	0.000914564438686076
NA_p__Sumerlaeota_c__Sumerlaeia_o__Sumerlaeales_f__Sumerlaeaceae	0.000704806178300967	0.000779770524674167	0.000299820107935239	0	0.00217820154529015	0.000625978090766823	0.000937031484257871	0.00139082058414465	0	0.000924534843406911	0.00134246207544637	0.000971744655404395	0.000280485239464273	0	0.00128913443830571	0.000374251497005988	0.000800961153384061	0.000667728183265705	0.00047074646940148	0	0	0.00132789528597173	0.000990778141909915
NA_p__Proteobacteria_c__Gammaproteobacteria_o__Oceanospirillales_f__Pseudohongiellaceae	0.000494863912424083	0.000386172069362445	0.000649610233859684	0	0.00135623869801085	0.00117370892018779	0	0	0.00112671173513607	0.0012712354096845	0	0.000822245477649873	0	0	0	0	0	0	0.00168123739071957	0	0.00127313681324062	0.00189699326567391	0.00144806036125295
NA_p__Proteobacteria_c__Alphaproteobacteria_o__Kiloniellales_f__Kiloniellaceae	0.00071980205443503	0.000497567858601612	0.000609634219468319	0.00170927467300832	0.000842511918461286	0.00125195618153365	0	0	0.000390015600624025	0	0	0	0.000350606549330341	0	0	0	0	0	0.000806993947545393	0	0.00156693761629615	0	0
NA_p__Verrucomicrobiota_c__Verrucomicrobiae_o__Verrucomicrobiales_f__Verrucomicrobiaceae	0.000944740196445977	0.000935724629609001	0.000799520287827304	0.000966111771700357	0.00246588854183791	0.000312989045383412	0	0.00187458426558626	0.000476685734096031	0	0	0.000373747944386306	0	0	0.000276243093922652	0.000374251497005988	0	0.000308182238430325	0	0	0	0	0
NA_p__Proteobacteria_c__Alphaproteobacteria_o__Rhodospirillales_f__Rhodospirillaceae	0.00076478968283722	0.000401024841261	0.000529682190685589	0.000817479191438763	0.00172612197928654	0.00195618153364632	0.00168665667166417	0.00284211162846949	0.00143005720228809	0	0.00187944690562492	0.00175661533861564	0	0	0.00405156537753223	0.00112275449101796	0.00160192230676812	0.000873183008885921	0.00188298587760592	0	0.00146900401527764	0	0.00160048776770063
NA_p__Bacteroidota_c__Kapabacteria_o__Kapabacteriales_f__Kapabacteriales	0.000899752568043788	0.000534699788348	0.000609634219468319	0	0.00147953312510275	0	0	0	0.000606690934304039	0	0.000671231037723184	0.000336373149947675	0	0	0	0	0	0	0	0	0	0	0
NA_p__Planctomycetota_c__Planctomycetes_o__Planctomycetales_NA	0.000179950513608758	0.000386172069362445	0.000109934039576254	0	0.000164392569455861	0	0.00187406296851574	0.00120940920360404	0.000650026001040042	0	0	0.00063537150545672	0.00084145571839282	0.000603045379164782	0.00110497237569061	0.00271332335329341	0.00173541583233213	0.0024654579074426	0.000605245460659045	0	0	0.00123304562268804	0.000533495922566878
NA_p__Acidobacteriota_c__Vicinamibacteria_o__Subgroup_17_f__Subgroup_17	0	0.000155954104934833	0.000329802118728763	0	0.000534275850731547	0.00383411580594679	0.000937031484257871	0.00241881840720808	0.0015600624024961	0.00150236912053623	0.00483286347160693	0.00149499177754522	0.00112194095785709	0.00309060756821951	0.00128913443830571	0.00149700598802395	0.00173541583233213	0.00174636601777184	0.00141223940820444	0.00258594463036203	0.00176280481833317	0.00227639191880869	0.00297233442572975
NA_p__Chloroflexi_NA_NA_NA	0.000134962885206568	0.000230217964427611	5.99640215870478e-05	0	0.000143843498273878	0.00312989045383412	0.000937031484257871	0.00133035012396444	0.000866701334720055	0	0	0.00063537150545672	0.000455788514129444	0.000301522689582391	0.00156537753222836	0.000374251497005988	0.000934454678948071	0.000821819302480867	0.000605245460659045	0	0.00156693761629615	0.00180214360239021	0.00137184665802911
NA_p__Bacteroidota_c__Bacteroidia_o__Chitinophagales_f__Chitinophagaceae	0.000134962885206568	0.000237644350376889	0.000649610233859684	0.000817479191438763	0.000452079566003617	0.000625978090766823	0	0.000725645522162424	0.000650026001040042	0.000693401132555183	0.00134246207544637	0.000560621916579459	0.000280485239464273	0.000829187396351575	0	0	0	0.000667728183265705	0.000403496973772697	0	0	0.000853646969553258	0.000762137032238396
NA_p__Bdellovibrionota_c__Oligoflexia_o__Oligoflexales_f__uncultured	0.000554847416960336	0.000534699788348	0.00129922046771937	0.00148632580261593	0.000472628637185599	0	0	0	0	0	0	0	0	0	0	0	0	0	0	0	0	0	0
NA_p__Myxococcota_c__Myxococcia_o__Myxococcales_f__Myxococcaceae	0.000539851540826273	0.000720359437079945	0.000859484309414351	0	0.00100690448791715	0.000860719874804382	0	0.000544234141621818	0.00078003120124805	0.00161793597596209	0.00147670828299101	0.00115861862759755	0.00105181964799102	0	0.00138121546961326	0.00121631736526946	0	0.000873183008885921	0.00161398789509079	0	0.000783468808148076	0.00189699326567391	0.00289612072250591
NA_p__Proteobacteria_c__Alphaproteobacteria_o__Rhizobiales_f__Beijerinckiaceae	0	0.0002005124206305	0	0.00200653983353151	0	0	0	0.00133035012396444	0.00134338706881609	0.00184906968681382	0	0.00138286739422933	0.0026646097749106	0.00150761344791196	0	0	0	0.000924546715290975	0.00168123739071957	0	0	0	0.00198155628381983
NA_p__Cyanobacteria_c__Vampirivibrionia_o__Obscuribacterales_f__Obscuribacteraceae	0.0011396865861888	0.00090601908581189	0.000509694183489906	0.00066884661117717	0.00203435804701627	0.000234741784037559	0	0.00108846828324364	0.000736696134512047	0	0.000536984830178547	0	0.000175303274665171	0	0	0.000842065868263473	0.000934454678948071	0.000154091119215163	0	0	0	0.000284548989851086	0.000228641109671519
NA_p__Cyanobacteria_c__Vampirivibrionia_o__Vampirovibrionales_f__Vampirovibrionales	0.00100472370098223	0.00103969403289889	0.00114931041375175	0.000520214030915577	0.00195216176228834	0	0	0.000665175061982222	0.000130005200208008	0	0	0.000186873972193153	0.000210363929598205	0.000226142017186793	0	0	0	0.000205454825620217	0.000201748486886348	0	0.000489668005092547	0.00132789528597173	0.000457282219343038
NA_p__Planctomycetota_c__Phycisphaerae_o__S-70_f__S-70	0.000104971132938442	8.91166313913334e-05	4.99700179892065e-05	0	0	0.000312989045383412	0	0.00090705690270303	0.000520020800832033	0.000462267421703455	0.00120821586790173	0.00138286739422933	0.000385667204263376	0	0.00193370165745856	0.00102919161676647	0.000800961153384061	0.000667728183265705	0.000672494956287828	0	0.00401527764175889	0.00104334629612065	0.00243883850316287
NA_p__Planctomycetota_c__BD7-11_o__BD7-11_f__BD7-11	0.000704806178300967	0.000727785823029223	0.000729562262642415	0.000817479191438763	0.00137678776919283	0.00140845070422535	0.000749625187406297	0.000967527362883232	0.000910036401456058	0.000924534843406911	0	0.000710121094333981	0	0	0.00138121546961326	0	0	0	0.000336247478143914	0	0.000293800803055528	0.000758797306269563	0.000533495922566878
NA_p__Acidobacteriota_c__Acidobacteriae_o__PAUC26f_f__PAUC26f	0.000704806178300967	0.000438156771007389	0.000179892064761143	0	0.000328785138911721	0.000860719874804382	0	0.000725645522162424	0.000476685734096031	0	0	0.000710121094333981	0.000736273753593717	0	0	0	0	0.000462273357645488	0.000672494956287828	0	0	0	0.000914564438686076
NA_p__Proteobacteria_c__Alphaproteobacteria_o__Caulobacterales_f__Caulobacteraceae	0.000869760815775662	0.000950577401507556	0.000969418348990606	0.00111474435196195	0.00080141377609732	0	0	0	0.000823366267984053	0	0	0.00108386903872029	0.00084145571839282	0	0	0	0	0	0	0	0	0	0.000609709625790717
NA_p__Myxococcota_c__Polyangia_o__Blfdi19_f__Blfdi19	0.000584839169228462	0.000527273402398723	0.000739556266240256	0.00089179548156956	0.00147953312510275	0	0	0	0	0	0	0	0	0	0	0	0	0	0	0	0	0	0
NA_p__Actinobacteriota_c__Actinobacteria_o__PeM15_f__PeM15	0.00052485566469221	0.000490141472652334	0.00061962822306616	0	0.00055482492191353	0	0	0	0.000390015600624025	0	0	0	0	0	0	0	0	0	0	0	0	0	0
NA_p__Proteobacteria_c__Alphaproteobacteria_o__Holosporales_f__Holosporaceae	0.000494863912424083	0.000311908209869667	0.000489706176294223	0.000966111771700357	0.000390432352457669	0	0	0	0.000693361067776044	0	0	0.000448497533263567	0.00108688030292406	0	0.00165745856353591	0.000748502994011976	0	0.000462273357645488	0.00168123739071957	0	0.00166487121731466	0.00388883619463151	0.00304854812895359
NA_p__SAR324_clade(Marine_group_B)_c__SAR324_clade(Marine_group_B)_o__SAR324_clade(Marine_group_B)_f__SAR324_clade(Marine_group_B)	0.00052485566469221	0.000497567858601612	0.000319808115130921	0	0.000842511918461286	0.00164319248826291	0	0.00108846828324364	0	0	0	0.00123336821647481	0	0	0.000644567219152854	0	0	0	0	0	0	0	0.000533495922566878
NA_p__Planctomycetota_c__Planctomycetes_o__Planctomycetales_f__Gimesiaceae	0.000134962885206568	0.000393598455311723	0.000439736158305017	0.000743162901307967	0.000410981423639652	0.00117370892018779	0	0.00030235230090101	0.000476685734096031	0	0.000671231037723184	0.00112124383315892	0.000560970478928546	0	0.000644567219152854	0	0	0.000359545944835379	0	0	0	0	0.000685923329014557
NA_p__Proteobacteria_c__Alphaproteobacteria_o__Kiloniellales_f__Fodinicurvataceae	0.000404888655619705	0.000519847016449445	0.000489706176294223	0	0.000472628637185599	0	0	0.000423293221261414	0.000693361067776044	0	0	0	0.000490849169062478	0.000904568068747173	0.00101289134438306	0	0	0	0	0	0	0	0
NA_p__Myxococcota_c__Polyangia_NA_NA	0.000134962885206568	0.000222791578478334	0.000259844093543874	0	0.000616472135459477	0.00211267605633803	0	0.00217693656648727	0.00125671693534408	0	0.00161095449053564	0.000784870683211242	0.000280485239464273	0.00120609075832956	0.000920810313075506	0	0	0.000873183008885921	0.000739744451916611	0	0.000979336010185094	0.00237124158209238	0.00114320554835759
NA_p__Proteobacteria_c__Gammaproteobacteria_o__uncultured_f__uncultured	0.000464872160155957	0.000415877613159556	0.000449730161902858	0	0.000205490711819826	0	0	0	0	0.000462267421703455	0	0	0.000175303274665171	0	0.000368324125230203	0.000374251497005988	0.000533974102256041	0.000565000770455596	0	0	0	0	0
NA_p__Bacteroidota_c__Bacteroidia_o__Cytophagales_f__Microscillaceae	0	5.19847016449445e-05	0	0.000520214030915577	0	0.00125195618153365	0.000562218890554723	0.000967527362883232	0.00121338186860808	0	0.00120821586790173	0.000971744655404395	0.000981698338124956	0.000527664706769184	0.00349907918968692	0.000561377245508982	0	0.000359545944835379	0.00168123739071957	0.000456343170063888	0.00332974243462932	0.00123304562268804	0.00213398369026751
NA_p__Acidobacteriota_c__Blastocatellia_o__11-24_f__11-24	0.000404888655619705	0.0003341873677175	0.000209874075554667	0	0.000431530494821634	0.000391236306729264	0	0.000423293221261414	0	0	0	0.000224248766631784	0	0	0	0	0	0	0.000268997982515131	0	0.000685535207129566	0	0.000685923329014557
NA_p__Proteobacteria_c__Gammaproteobacteria_o__Acidithiobacillales_f__Acidithiobacillaceae	0	0.000690653893282834	0	0	0.00115074798619102	0	0	0	0	0	0	0	0	0	0	0	0	0	0	0	0	0	0
NA_p__WPS-2_c__WPS-2_o__WPS-2_f__WPS-2	0.000164954637474694	0.000274776280123278	0.000199880071956826	0.00044589774078478	0.000308236067729739	0.000625978090766823	0	0.000665175061982222	0.000476685734096031	0.000577834277129319	0	0.000485872327702198	0.000350606549330341	0.000301522689582391	0.000644567219152854	0.000654940119760479	0	0.000513637064050542	0	0	0.000881402409166585	0.000853646969553258	0
NA_p__Chloroflexi_c__Anaerolineae_o__1-20_f__1-20	0.000209942265876884	0.000326760981768222	0.000499700179892065	0.000297265160523187	0	0	0	0	0.000216675333680014	0.000462267421703455	0	0.000224248766631784	0.000280485239464273	0	0	0	0	0	0	0	0.000391734404074038	0	0.000609709625790717
NA_p__Acidobacteriota_c__Blastocatellia_o__DS-100_f__DS-100	0.0002849216465472	0.000207938806579778	0.00053967619428343	0	0.000246588854183791	0	0	0	0	0	0	0.000336373149947675	0	0	0	0	0	0.000565000770455596	0	0	0	0	0
NA_p__Actinobacteriota_c__Acidimicrobiia_o__uncultured_f__uncultured	0.000314913398815326	0.000193086034681222	0.000429742154707176	0	0.000410981423639652	0	0	0	0	0	0	0.000448497533263567	0	0	0	0	0	0	0	0.00076057195010648	0	0	0
NA_p__Chloroflexi_c__Chloroflexia_o__Thermomicrobiales_f__JG30-KF-CM45	0.000629826797630652	0.000356466525565334	0.000509694183489906	0	0.000472628637185599	0	0.00131184407796102	0.00090705690270303	0	0	0	0.000336373149947675	0.000280485239464273	0.000226142017186793	0.000276243093922652	0.000654940119760479	0	0.000462273357645488	0.000739744451916611	0	0	0.000379398653134781	0
NA_p__Planctomycetota_c__Phycisphaerae_o__Phycisphaerales_f__Phycisphaeraceae	0.000389892779485641	0.0003341873677175	0.000369778133120128	0	0.000493177708367582	0.00054773082942097	0	0.00133035012396444	0.000260010400416017	0	0.000536984830178547	0.00100911944984303	0.000911577028258888	0	0.000644567219152854	0	0	0	0	0	0	0	0.000304854812895359
NA_p__Proteobacteria_c__Gammaproteobacteria_o__CCM19a_f__CCM19a	0.0002849216465472	0.000363892911514611	0.000159904057565461	0	0.000575373993095512	0.000782472613458529	0	0	0	0	0	0	0	0	0	0	0	0	0	0	0	0	0
NA_p__Planctomycetota_c__Pla4_lineage_o__Pla4_lineage_f__Pla4_lineage	0.000119967009072505	0.000170806876833389	6.99580251848891e-05	0	0.000287686996547756	0	0	0.000423293221261414	0.000476685734096031	0.000693401132555183	0	0.000186873972193153	0.000245424584531239	0	0.000828729281767956	0	0.000533974102256041	0.000462273357645488	0	0	0.000587601606111057	0.000569097979702172	0
NA_p__Bacteroidota_c__Bacteroidia_o__Chitinophagales_f__uncultured	0.000194946389742821	0.0002005124206305	0.000419748151109334	0.000966111771700357	0.000472628637185599	0.000469483568075117	0	0	0.000260010400416017	0	0	0.000261623561070414	0	0	0	0	0	0	0.000806993947545393	0.000912686340127776	0	0	0.000685923329014557
NA_p__Latescibacterota_c__Latescibacterota_o__Latescibacterota_f__Latescibacterota	0.000314913398815326	0.000438156771007389	0.000249850089946032	0.000594530321046373	0.000945257274371198	0	0	0.000423293221261414	0	0.000924534843406911	0	0.000373747944386306	0.000315545894397307	0	0	0	0	0.000513637064050542	0.000537995965030262	0	0.000391734404074038	0.000758797306269563	0.000533495922566878
NA_p__Bacteroidota_c__Bacteroidia_o__Flavobacteriales_f__Cryomorphaceae	0	6.68374735435001e-05	5.99640215870478e-05	0	0.000205490711819826	0.000704225352112676	0	0	0.000346680533888022	0	0	0.000411122738824936	0	0.000753806723955978	0	0	0	0	0.00121049092131809	0	0	0.00265579057194347	0
NA_p__Bacteroidota_c__Bacteroidia_o__Sphingobacteriales_f__env.OPS_17	0.000134962885206568	0.000497567858601612	0.000179892064761143	0.000520214030915577	0.000698668420187407	0.00101721439749609	0	0	0.000260010400416017	0	0.00107396966035709	0.000298998355509045	0.000245424584531239	0	0.000460405156537753	0	0	0.000308182238430325	0.000672494956287828	0.000912686340127776	0	0	0
NA_p__Chloroflexi_c__Anaerolineae_o__SBR1031_f__A4b	0.0002849216465472	0.000304481823920389	0.000369778133120128	0	0	0	0	0	0	0	0	0	0.000350606549330341	0	0.000368324125230203	0	0	0	0	0	0	0	0
NA_p__Proteobacteria_c__Alphaproteobacteria_o__Rhizobiales_f__Devosiaceae	0.00047986803629002	0.000519847016449445	0.000609634219468319	0.000594530321046373	0.000657570277823442	0	0	0	0.000346680533888022	0	0	0.000523247122140828	0.000315545894397307	0	0	0	0	0	0	0	0.000391734404074038	0	0
NA_p__Proteobacteria_c__Alphaproteobacteria_o__Azospirillales_f__Azospirillales_Incertae_Sedis	0.0002849216465472	0.000297055437971111	0.000379772136717969	0	0.00080141377609732	0	0	0.000665175061982222	0	0	0	0.000672746299895351	0	0.000904568068747173	0.00119705340699816	0	0	0	0	0	0	0	0
NA_p__Hydrogenedentes_c__Hydrogenedentia_o__Hydrogenedentiales_f__Hydrogenedensaceae	0.000269925770413136	0.000230217964427611	0.00022986208275035	0	0.000308236067729739	0	0	0	0	0	0	0	0	0	0	0	0	0	0	0	0	0	0
NA_p__RCP2-54_c__RCP2-54_o__RCP2-54_f__RCP2-54	0	3.71319297463889e-05	5.99640215870478e-05	0	0	0.00101721439749609	0	0.000665175061982222	0.000606690934304039	0	0.000805477245267821	0.000336373149947675	0	0	0	0	0	0.000513637064050542	0	0	0.000685535207129566	0	0.000457282219343038
NA_p__Proteobacteria_c__Gammaproteobacteria_o__Diplorickettsiales_f__Diplorickettsiaceae	0.000179950513608758	0.000274776280123278	0.000169898061163302	0.00089179548156956	0.000390432352457669	0	0.00112443778110945	0	0	0	0	0	0.000210363929598205	0	0.000644567219152854	0	0	0.000667728183265705	0.000336247478143914	0.000912686340127776	0.000489668005092547	0	0.000457282219343038
NA_p__Actinobacteriota_c__Acidimicrobiia_o__IMCC26256_f__IMCC26256	0.000299917522681263	0.000163380490884111	0.000319808115130921	0	0	0	0	0	0	0	0	0.000411122738824936	0.000315545894397307	0	0.000460405156537753	0	0	0	0	0	0	0	0
NA_p__Elusimicrobiota_c__Elusimicrobia_o__Lineage_IV_f__Lineage_IV	0.0002849216465472	0.000103969403289889	5.99640215870478e-05	0.000594530321046373	0.000595923064277495	0	0	0	0.000173340266944011	0	0	0.000149499177754522	0	0	0	0	0	0	0	0	0	0	0
NA_p__Planctomycetota_c__Phycisphaerae_o__CCM11a_f__CCM11a	0	0	0	0	0	0	0	0.00090705690270303	0.000130005200208008	0	0.00147670828299101	0.000485872327702198	0	0	0	0	0	0	0.00047074646940148	0.000912686340127776	0.00156693761629615	0	0.000990778141909915
NA_p__Myxococcota_c__Polyangia_o__VHS-B3-70_f__VHS-B3-70	0.000164954637474694	0.000178233262782667	0.00022986208275035	0	0.000431530494821634	0	0	0	0	0	0	0	0	0	0	0	0	0	0	0	0	0	0
NA_p__Desulfobacterota_c__Desulfuromonadia_o__PB19_f__PB19	0	0.000103969403289889	0.000159904057565461	0	0.000143843498273878	0	0	0.000483763681441616	0.000303345467152019	0.000693401132555183	0	0.000560621916579459	0.000280485239464273	0	0	0	0	0	0	0	0	0	0
NA_p__Actinobacteriota_c__Thermoleophilia_o__Gaiellales_f__Gaiellaceae	0	0	0.000669598241055367	0	0	0	0	0	0	0	0	0.00112124383315892	0	0	0	0	0	0	0	0	0	0	0
NA_p__Dependentiae_c__Babeliae_o__Babeliales_f__Vermiphilaceae	0.000299917522681263	0.000118822175188445	0.000109934039576254	0.00022294887039239	0.000246588854183791	0.00117370892018779	0	0.000423293221261414	0.000260010400416017	0	0.000536984830178547	0.000822245477649873	0.000210363929598205	0	0	0	0	0.000565000770455596	0.000672494956287828	0.00106480073014907	0	0	0
NA_p__Proteobacteria_c__Alphaproteobacteria_o__Defluviicoccales_f__Defluviicoccaceae	0.000254929894279073	0.000111395789239167	0.000239856086348191	0	0.000390432352457669	0	0	0	0	0	0	0	0	0	0	0	0	0	0	0	0	0	0
NA_p__NB1-j_c__NB1-j_o__NB1-j_f__NB1-j	0.000179950513608758	0.000230217964427611	0.000169898061163302	0	0.000308236067729739	0	0	0	0.000736696134512047	0	0	0.000747495888772612	0	0	0	0	0	0	0	0	0	0	0
NA_p__Proteobacteria_c__Gammaproteobacteria_o__Xanthomonadales_f__Xanthomonadaceae	0	0.000178233262782667	0.000549670197881271	0	0.000698668420187407	0	0	0	0	0	0	0.000149499177754522	0	0	0	0	0	0	0	0	0	0	0
NA_p__Bdellovibrionota_c__Oligoflexia_o__0319-6G20_f__0319-6G20	0.0002849216465472	0.000319334595818945	0.000179892064761143	0.000371581450653983	0.000616472135459477	0	0	0	0	0	0	0.000448497533263567	0	0	0	0	0	0	0	0	0	0.000379398653134781	0
NA_p__Proteobacteria_c__Gammaproteobacteria_o__Gammaproteobacteria_Incertae_Sedis_f__Unknown_Family	8.99752568043788e-05	0	0	0	0	0	0.00112443778110945	0.000967527362883232	0.000823366267984053	0	0	0.000448497533263567	0	0	0	0	0	0.000719091889670759	0.000806993947545393	0	0	0	0.000838350735462236
NA_p__Verrucomicrobiota_c__Chlamydiae_o__Chlamydiales_f__Criblamydiaceae	0.000329909274949389	0.000126248561137722	0.00022986208275035	0	0.000184941640637843	0	0	0	0	0	0	0	0	0	0	0	0	0	0	0	0	0	0
NA_p__Myxococcota_c__Polyangia_o__mle1-27_f__mle1-27	0.000419884531753768	0.000415877613159556	0.000239856086348191	0	0.00119184612855499	0	0	0	0	0	0	0	0	0	0	0	0	0	0.000268997982515131	0	0	0	0
NA_p__Deinococcota_c__Deinococci_o__Deinococcales_f__Trueperaceae	0	0	0	0	0	0.000312989045383412	0	0	0.000650026001040042	0	0	0	0.000490849169062478	0.000452284034373587	0	0.000561377245508982	0	0.000719091889670759	0.000672494956287828	0	0	0	0
NA_p__Patescibacteria_c__Gracilibacteria_o__Gracilibacteria_f__Gracilibacteria	0.000104971132938442	0.000274776280123278	0.00022986208275035	0	0.000390432352457669	0	0	0	0	0	0	0.000261623561070414	0	0	0	0	0	0	0	0	0	0	0
NA_p__Proteobacteria_c__Alphaproteobacteria_o__Rhodospirillales_f__uncultured	0.000209942265876884	0.000297055437971111	0.000139916050369778	0	0.000308236067729739	0	0	0	0	0	0	0	0	0	0	0	0	0	0	0	0	0	0
NA_p__Bacteroidota_c__Bacteroidia_o__Sphingobacteriales_f__NS11-12_marine_group	0.000149958761340631	0.000126248561137722	0.000189886068358985	0	0.000246588854183791	0	0	0	0	0	0	0	0	0	0	0	0	0	0	0	0	0	0
NA_p__Cyanobacteria_c__Vampirivibrionia_o__Vampirovibrionales_f__Vampirovibrionaceae	0	0.000193086034681222	0.000159904057565461	0	0.000164392569455861	0	0	0	0.000130005200208008	0	0	0	0	0	0	0	0	0	0	0	0	0	0
NA_p__Proteobacteria_c__Gammaproteobacteria_o__EV818SWSAP88_f__EV818SWSAP88	0	7.42638594927778e-05	6.99580251848891e-05	0	0	0.000391236306729264	0	0	0.000260010400416017	0.000462267421703455	0.000402738622633911	0.000224248766631784	0.000315545894397307	0	0.000368324125230203	0	0	0	0.000268997982515131	0	0	0.000284548989851086	0
NA_p__Verrucomicrobiota_c__Verrucomicrobiae_o__Opitutales_f__Opitutaceae	0.000119967009072505	0.000148527718985556	0.000149910053967619	0	0.000349334210093704	0	0	0	0.000216675333680014	0	0	0	0	0	0	0	0	0	0	0	0.000391734404074038	0	0
NA_p__Crenarchaeota_c__Nitrososphaeria_o__Nitrosopumilales_f__Nitrosopumilaceae	0	0	0	0	0	0.000625978090766823	0	0.000846586442522828	0.000650026001040042	0	0.000939723452812458	0.000896995066527134	0	0	0	0	0	0	0	0	0	0	0
NA_p__Proteobacteria_c__Alphaproteobacteria_o__Paracaedibacterales_f__Paracaedibacteraceae	0.000179950513608758	0.000118822175188445	0.000209874075554667	0	0.000184941640637843	0	0	0	0	0	0	0	0	0	0	0	0	0	0	0	0	0.00132789528597173	0.000914564438686076
NA_p__Proteobacteria_c__Alphaproteobacteria_o__Rhodospirillales_f__Magnetospirillaceae	0	0.000118822175188445	0.000149910053967619	0	0.000267137925365773	0	0	0	0	0	0	0	0	0	0	0	0	0	0	0	0	0	0
NA_p__Proteobacteria_c__Alphaproteobacteria_o__Rickettsiales_f__Rickettsiaceae	0.000164954637474694	0.000148527718985556	0.000209874075554667	0.00044589774078478	0	0	0	0	0	0	0	0.000411122738824936	0.000315545894397307	0	0.000736648250460405	0.000467814371257485	0	0	0	0	0	0	0
NA_p__Proteobacteria_c__Alphaproteobacteria_o__Parvibaculales_f__Parvibaculaceae	0	0	0.000209874075554667	0	0.000390432352457669	0	0	0	0.000260010400416017	0	0	0	0	0	0	0	0	0	0	0	0.000489668005092547	0	0
NA_p__Proteobacteria_c__Alphaproteobacteria_o__Rickettsiales_f__SM2D12	0.000164954637474694	5.19847016449445e-05	8.99460323805717e-05	0	0.000349334210093704	0	0	0	0	0	0	0.000149499177754522	0	0	0	0	0	0.000256818532025271	0	0	0	0	0
NA_p__Proteobacteria_c__Gammaproteobacteria_o__Pseudomonadales_f__Moraxellaceae	0	0	0.000239856086348191	0.00066884661117717	0	0	0	0	0	0	0	0	0	0	0	0	0	0.000256818532025271	0	0.00106480073014907	0	0	0
NA_p__Proteobacteria_c__Alphaproteobacteria_o__Zavarziniales_f__uncultured	0	0	7.99520287827304e-05	0	0.000945257274371198	0	0	0	0	0	0	0	0	0	0	0	0	0	0	0	0	0	0
NA_p__Proteobacteria_c__Gammaproteobacteria_o__Alteromonadales_f__Alteromonadaceae	0	0	0.000299820107935239	0	0	0	0	0	0	0	0	0	0	0	0	0	0	0	0	0	0	0	0
NA_p__Verrucomicrobiota_c__Verrucomicrobiae_o__Pedosphaerales_f__Pedosphaeraceae	0.000104971132938442	3.71319297463889e-05	0	0	8.21962847279303e-05	0.000625978090766823	0	0	0.000476685734096031	0	0	0.000224248766631784	0	0	0	0	0	0.000256818532025271	0	0	0	0	0
NA_p__Bdellovibrionota_c__Bdellovibrionia_o__Bacteriovoracales_f__Bacteriovoracaceae	0.000119967009072505	0.000185659648731945	0	0	0.000226039783001808	0	0	0	0	0	0	0	0	0	0	0	0	0	0	0	0	0	0
NA_p__Acidobacteriota_c__Acidobacteriae_o__Acidobacteriales_NA	0	0	0	0	0	0	0	0	0.00078003120124805	0	0	0.000411122738824936	0	0	0	0	0	0	0	0	0	0	0
NA_p__Patescibacteria_c__Saccharimonadia_o__Saccharimonadales_f__Saccharimonadales	0	2.97055437971111e-05	0	0	0	0	0	0	0	0	0	0	0	0	0	0	0	0	0	0	0.00244834002546274	0.000474248316418477	0
NA_p__Patescibacteria_c__Parcubacteria_o__Candidatus_Nomurabacteria_f__Candidatus_Nomurabacteria	0	6.68374735435001e-05	5.99640215870478e-05	0	0.000246588854183791	0	0	0	0	0	0	0	0	0	0	0	0	0	0	0	0	0	0
NA_p__Proteobacteria_c__Gammaproteobacteria_o__Enterobacterales_f__Yersiniaceae	0	0	0	0	0	0	0	0	0.00117004680187207	0	0	0	0	0	0	0	0	0	0	0	0	0	0
NA_p__Gemmatimonadota_c__BD2-11_terrestrial_group_o__BD2-11_terrestrial_group_f__BD2-11_terrestrial_group	0	2.97055437971111e-05	0	0	0	0	0	0	0.000173340266944011	0	0	0.000336373149947675	0	0	0	0	0	0.000205454825620217	0.000336247478143914	0	0	0	0
NA_p__Dependentiae_c__Babeliae_o__Babeliales_f__UBA12409	0.000179950513608758	0.000111395789239167	0.000149910053967619	0	0	0	0	0	0	0	0	0	0.000455788514129444	0	0	0	0	0.000513637064050542	0	0	0	0	0
NA_p__Verrucomicrobiota_c__Omnitrophia_o__Omnitrophales_f__Omnitrophales	0.000104971132938442	2.97055437971111e-05	6.99580251848891e-05	0	0.000102745355909913	0	0	0	0	0	0	0	0	0	0	0	0	0	0	0	0	0	0
NA_p__Proteobacteria_c__Alphaproteobacteria_o__Rickettsiales_f__Rickettsiales	0	0	7.99520287827304e-05	0	0	0	0	0	0	0	0	0.000523247122140828	0	0	0	0	0	0	0	0	0	0	0
NA_p__Firmicutes_c__Bacilli_o__Bacillales_f__Bacillaceae	0	0	4.99700179892065e-05	0	0	0	0	0	0.000606690934304039	0	0	0	0	0	0	0	0	0	0	0	0	0	0
NA_p__Planctomycetota_c__Planctomycetes_o__uncultured_f__uncultured	0	0.000133674947087	0	0	0	0	0	0	0	0	0	0	0	0	0	0	0	0	0	0	0	0	0
NA_p__Proteobacteria_c__Alphaproteobacteria_o__Rhodospirillales_f__Magnetospiraceae	0	5.94110875942223e-05	0	0	0.000123294427091895	0	0	0	0	0	0	0.000672746299895351	0	0	0	0	0	0	0	0	0	0	0
NA_p__Patescibacteria_c__Parcubacteria_o__Candidatus_Kaiserbacteria_f__Candidatus_Kaiserbacteria	0.000104971132938442	0	0.000149910053967619	0	0	0	0	0	0	0	0	0	0	0	0	0	0	0	0	0	0	0	0
NA_p__Bacteroidota_c__Bacteroidia_o__Cytophagales_f__Spirosomaceae	0	6.68374735435001e-05	7.99520287827304e-05	0	0	0	0	0	0	0	0	0	0	0	0	0	0	0	0	0	0	0	0
NA_p__Firmicutes_c__Bacilli_o__Staphylococcales_f__Staphylococcaceae	0	0	0	0	0	0	0	0	0	0.000462267421703455	0	0.000224248766631784	0	0.000979948741142771	0	0	0	0	0	0	0	0	0
NA_p__Firmicutes_c__Bacilli_o__Paenibacillales_f__Paenibacillaceae	0	0	0	0	0	0	0	0	0	0	0	0.000373747944386306	0	0	0	0	0	0	0	0	0	0	0
NA_p__Firmicutes_c__Bacilli_o__Lactobacillales_f__Lactobacillaceae	0	0	0	0	0	0	0	0	0	0	0	0.000597996711018089	0	0	0	0	0	0	0	0	0	0	0
NA_p__Proteobacteria_NA_NA_NA	4.49876284021894e-05	5.94110875942223e-05	0	0	0.000123294427091895	0	0	0.000181411380540606	0.000130005200208008	0	0	0	0	0	0	0	0	0	0	0	0	0	0
NA_p__Patescibacteria_c__Parcubacteria_o__Candidatus_Moranbacteria_f__Candidatus_Moranbacteria	0	6.68374735435001e-05	3.99760143913652e-05	0.00022294887039239	4.10981423639652e-05	0	0	0	0	0	0	0	0	0	0	0	0	0	0	0	0	0	0
NA_p__Proteobacteria_c__Gammaproteobacteria_o__JTB23_f__JTB23	0	0	0	0	0	0	0	0	0	0	0	0.000560621916579459	0	0	0	0	0	0	0	0	0	0	0
NA_p__Proteobacteria_c__Alphaproteobacteria_o__Rhizobiales_NA	0	0	0	0	0	0	0	0	0	0	0	0	0.000525909823995512	0	0	0	0	0	0	0	0	0	0
NA_p__Bacteroidota_c__Bacteroidia_o__Flavobacteriales_f__Flavobacteriaceae	2.99917522681263e-05	0	7.99520287827304e-05	0	6.16472135459477e-05	0	0	0	0.000260010400416017	0	0	0	0	0	0	0	0	0	0.000201748486886348	0	0	0	0
NA_p__Verrucomicrobiota_c__Chlamydiae_o__Chlamydiales_f__Chlamydiaceae	0	0	0	0	0	0	0	0	0.000303345467152019	0	0	0	0	0	0	0	0.000934454678948071	0	0	0	0	0	0
NA_p__Acidobacteriota_c__Acidobacteriae_o__Elev-16S-1166_f__Elev-16S-1166	0	0	0	0	0	0	0	0	0	0	0	0.000523247122140828	0	0	0	0	0	0	0	0	0	0	0
NA_p__Patescibacteria_c__Saccharimonadia_o__Saccharimonadales_f__Saccharimonadaceae	0	0	0	0	0	0	0	0	0	0	0	0	0	0	0	0	0	0	0	0	0.00137107041425913	0	0
NA_p__Patescibacteria_c__ABY1_o__Candidatus_Uhrbacteria_f__Candidatus_Uhrbacteria	0	3.71319297463889e-05	2.99820107935239e-05	0	4.10981423639652e-05	0	0	0	0.000130005200208008	0	0	0	0	0	0	0	0	0	0	0	0	0	0
NA_p__Proteobacteria_c__Alphaproteobacteria_o__Rhizobiales_f__Labraceae	0	0	0.000129922046771937	0	0	0	0	0	0	0	0	0	0	0	0	0	0	0	0	0	0	0	0
NA_p__Firmicutes_c__Bacilli_o__Thermoactinomycetales_f__Thermoactinomycetaceae	0	0	0.000129922046771937	0	0	0	0	0	0	0	0	0	0	0	0	0	0	0	0	0	0	0	0
NA_p__Verrucomicrobiota_c__Omnitrophia_o__Omnitrophales_f__Omnitrophaceae	0	0	0	0	0.000143843498273878	0	0	0	0	0	0	0	0	0	0.000368324125230203	0	0	0	0.000268997982515131	0	0.000391734404074038	0	0.000381068516119198
NA_p__Patescibacteria_c__Saccharimonadia_o__Saccharimonadales_NA	0	0	7.99520287827304e-05	0	0	0	0	0	0	0	0	0	0	0	0	0	0	0	0	0	0.000391734404074038	0	0
NA_p__Proteobacteria_c__Alphaproteobacteria_o__Azospirillales_f__Inquilinaceae	0	0	0	0	0.000226039783001808	0	0	0	0	0	0	0	0	0	0	0	0	0	0	0	0	0	0
NA_p__Planctomycetota_NA_NA_NA	0	0	0	0	0	0	0	0	0	0	0	0	0	0	0.00101289134438306	0	0	0	0	0	0	0	0
NA_p__Proteobacteria_c__Gammaproteobacteria_o__R7C24_f__R7C24	0	7.42638594927778e-05	0	0	0	0	0	0	0	0	0	0	0	0	0	0	0	0	0	0	0	0	0
NA_p__Proteobacteria_c__Gammaproteobacteria_o__Enterobacterales_f__Enterobacteriaceae	0	7.42638594927778e-05	0	0	0	0	0	0	0	0	0	0	0	0	0	0	0	0	0	0	0	0	0
NA_p__Proteobacteria_c__Alphaproteobacteria_o__Micropepsales_f__Micropepsaceae	0.000119967009072505	0	0	0	0	0	0	0	0	0	0	0	0	0	0	0	0	0	0	0	0	0	0
NA_p__Campilobacterota_c__Campylobacteria_o__Campylobacterales_f__Arcobacteraceae	0.000104971132938442	5.94110875942223e-05	0	0	0	0	0	0	0	0	0	0	0	0	0	0	0	0	0	0	0	0	0
NA_p__Bdellovibrionota_c__Oligoflexia_o__Silvanigrellales_f__Silvanigrellaceae	0	0	0.000149910053967619	0	0	0	0	0	0	0	0	0	0	0	0	0	0	0	0	0	0	0	0
NA_p__Acidobacteriota_NA_NA_NA	0	0	0	0	0	0	0	0	0.000346680533888022	0	0	0	0	0	0	0	0	0	0	0	0	0	0
NA_p__Proteobacteria_c__Alphaproteobacteria_o__Acetobacterales_f__Acetobacterales	0	0	0	0	0	0	0	0	0	0	0	0.000298998355509045	0	0	0	0	0	0	0	0	0	0	0
NA_p__Cyanobacteria_c__Vampirivibrionia_o__Caenarcaniphilales_f__Caenarcaniphilales	0	4.45583156956667e-05	0	0	0.000143843498273878	0	0	0.000423293221261414	0	0	0	0	0	0	0	0	0	0	0	0	0	0	0
NA_p__Patescibacteria_c__Gracilibacteria_o__Absconditabacteriales_(SR1)_f__Absconditabacteriales_(SR1)	0	2.22791578478334e-05	0	0	0	0	0	0	0	0	0	0	0	0	0.000276243093922652	0	0	0	0	0	0	0.000284548989851086	0
NA_p__Dependentiae_c__Babeliae_o__Babeliales_NA	0	0	0	0.00044589774078478	0	0	0	0	0	0	0	0	0	0	0	0	0	0	0	0	0	0	0
NA_p__Bacteroidota_c__Bacteroidia_o__Cytophagales_f__Cytophagaceae	0	0	0	0	0.000123294427091895	0	0	0	0	0	0	0	0	0	0	0	0	0	0	0	0	0	0
NA_p__Proteobacteria_c__Gammaproteobacteria_o__Nitrosococcales_f__Nitrosococcaceae	0	0	0	0	0	0	0	0	0	0	0	0.000224248766631784	0	0	0	0	0	0	0	0	0	0	0
NA_p__Sva0485_c__Sva0485_o__Sva0485_f__Sva0485	0	0	0	0	0	0	0	0	0	0	0	0	0	0	0.000552486187845304	0	0	0	0	0	0	0	0
NA_p__Patescibacteria_c__Gracilibacteria_o__Candidatus_Abawacabacteria_f__Candidatus_Abawacabacteria	0	3.71319297463889e-05	0	0	0	0	0	0	0	0	0	0	0	0	0	0	0	0	0	0	0	0	0
NA_p__Bacteroidota_c__Bacteroidia_NA_NA	0	0	4.99700179892065e-05	0	0	0	0	0	0	0	0	0	0	0	0	0	0	0	0	0	0	0	0
NA_p__Proteobacteria_c__Gammaproteobacteria_o__Piscirickettsiales_f__Piscirickettsiaceae	0	0	0	0	0	0	0	0	0.000216675333680014	0	0	0	0	0	0	0	0	0	0	0	0	0	0
NA_p__Verrucomicrobiota_c__Chlamydiae_o__Chlamydiales_NA	0	0	0	0	0	0	0	0	0	0	0	0	0.000175303274665171	0	0	0	0	0	0	0	0	0	0
NA_p__Elusimicrobiota_c__Lineage_IIa_o__Lineage_IIa_f__Lineage_IIa	0	0	0	0	0	0	0	0	0	0	0	0	0	0	0	0	0	0	0.000336247478143914	0	0	0	0
NA_p__Elusimicrobiota_c__Lineage_IIc_o__Lineage_IIc_f__Lineage_IIc	0	0	3.99760143913652e-05	0	0	0	0	0	0	0	0	0	0	0	0	0	0	0	0	0	0	0	0
NA_p__Chloroflexi_c__KD4-96_o__KD4-96_f__KD4-96	0	0	0	0.000297265160523187	0	0	0	0	0	0	0	0	0	0	0	0	0	0	0	0	0	0	0
NA_p__Patescibacteria_c__Parcubacteria_o__Candidatus_Azambacteria_f__Candidatus_Azambacteria	0	0	0	0	8.21962847279303e-05	0	0	0	0	0	0	0	0	0	0	0	0	0	0	0	0	0	0
NA_p__Spirochaetota_c__Leptospirae_o__Leptospirales_f__Leptospiraceae	0	0	0	0	8.21962847279303e-05	0	0	0	0	0	0	0	0	0	0	0	0	0	0	0	0	0	0
NA_p__Bacteroidota_c__Bacteroidia_o__Cytophagales_f__Amoebophilaceae	0	0	1.99880071956826e-05	0	0	0	0	0	0	0.000462267421703455	0	0	0	0	0	0	0	0	0	0	0	0	0
NA_p__Verrucomicrobiota_c__Chlamydiae_o__LD1-PA32_f__LD1-PA32	0	0	0	0	0	0	0	0	0	0	0	0	0	0	0.000368324125230203	0	0	0	0	0	0	0	0
NA_p__Bacteroidota_c__Bacteroidia_o__Sphingobacteriales_f__KD3-93	0	0	0	0	0	0	0	0	0	0	0	0	0	0	0	0	0	0	0	0	0	0.000379398653134781	0
NA_p__Elusimicrobiota_c__Lineage_IIb_o__Lineage_IIb_f__Lineage_IIb	0	0	0	0	0	0	0	0	0	0	0.000402738622633911	0	0	0	0	0	0	0	0	0	0	0	0
NA_p__Patescibacteria_c__Gracilibacteria_o__Candidatus_Peribacteria_f__Candidatus_Peribacteria	0	0	0	0	0	0	0	0	0	0	0	0	0	0	0	0	0	0	0	0	0.000293800803055528	0	0
NA_p__Firmicutes_c__Clostridia_o__Peptostreptococcales-Tissierellales_f__Peptostreptococcales-Tissierellales	0	1.48527718985556e-05	0	0	0	0	0	0	0	0	0	0	0	0	0	0	0	0	0	0	0	0	0
NA_p__Patescibacteria_c__Parcubacteria_NA_NA	0	1.48527718985556e-05	0	0	0	0	0	0	0	0	0	0	0	0	0	0	0	0	0	0	0	0	0
NA_p__Patescibacteria_NA_NA_NA	0	0	0	0	4.10981423639652e-05	0	0	0	0	0	0	0	0	0	0	0	0	0	0	0	0	0	0
NA_p__Patescibacteria_c__Parcubacteria_o__Candidatus_Campbellbacteria_f__Candidatus_Campbellbacteria	0	0	0	0	0	0	0	0	8.66701334720056e-05	0	0	0	0	0	0	0	0	0	0	0	0	0	0
NA_p__Verrucomicrobiota_c__Omnitrophia_o__Omnitrophales_f__koll11	0	0	0	0	0	0	0	0	0	0	0	0	0	0	0	0	0	0.000102727412810108	0	0	0	0	0
